[
  {
    "id": "1763224860695",
    "username": "zeti",
    "email": "cyprianmiller53@gmail.com",
    "password": "68a8654dadd907088e60ed0df5d39b269f2e3d0ccee53da27fb683f72751fce8",
    "highScore": 29,
    "totalScore": 52,
    "gamesPlayed": 5,
    "gamesHistory": [
      {
        "score": 20,
        "date": "2025-11-15T18:23:34.099Z"
      },
      {
        "score": 29,
        "date": "2025-11-15T18:22:55.115Z"
      },
      {
        "score": 0,
        "date": "2025-11-15T18:22:09.840Z"
      },
      {
        "score": 2,
        "date": "2025-11-15T18:22:06.898Z"
      },
      {
        "score": 1,
        "date": "2025-11-15T16:56:10.840Z"
      }
    ],
    "createdAt": "2025-11-15T16:41:00.704Z"
  }
]